Gender,Married,Dependents,Education,Self_Employed,Credit_History,Property_Area,Loan_Status,ApplicantIncome_log,CoapplicantIncome_log,LoanAmount_log,Loan_Amount_Term_log
1,0,0,0,0,1.0,2,1,8.674196940225903,0.0,4.866324565936636,5.8888779583328805
1,1,1,0,0,1.0,0,0,8.430327258394575,7.319202458767849,4.859812404361672,5.8888779583328805
1,1,0,0,1,1.0,2,1,8.006700845440367,0.0,4.204692619390966,5.8888779583328805
1,1,0,1,0,1.0,2,1,7.857093864902493,7.765993079407675,4.795790545596741,5.8888779583328805
1,0,0,0,0,1.0,2,1,8.699681400989514,0.0,4.955827057601261,5.8888779583328805
1,1,2,0,1,1.0,2,1,8.59748202264504,8.34212526333359,5.5909869805108565,5.8888779583328805
1,1,0,1,0,1.0,2,1,7.755338812846501,7.324489979348532,4.564348191467836,5.8888779583328805
1,1,3,0,0,0.0,1,0,8.01862546504575,7.826044013518965,5.0689042022202315,5.8888779583328805
1,1,2,0,0,1.0,2,1,8.295798110636145,7.3310603052186325,5.1298987149230735,5.8888779583328805
1,1,1,0,0,1.0,1,0,9.460476328353995,9.302828391411333,5.857933154483459,5.8888779583328805
1,1,2,0,0,1.0,2,1,8.071218539969863,6.55250788703459,4.2626798770413155,5.8888779583328805
1,1,2,0,2,1.0,2,1,7.824445930877619,7.518064181233078,4.700480365792417,5.8888779583328805
1,1,2,0,0,1.0,2,1,8.03073492409854,9.000483164987708,5.303304908059076,5.8888779583328805
1,0,0,0,0,1.0,0,0,7.5251007461258,7.951911381854188,4.74493212836325,5.8888779583328805
1,1,2,0,0,1.0,2,1,7.170119543449628,6.99117688712121,2.8903717578961645,4.795790545596741
1,0,0,0,0,1.0,2,1,8.507344855361422,0.0,4.836281906951478,5.8888779583328805
1,0,1,1,0,1.0,2,1,8.187855443695623,0.0,4.61512051684126,5.484796933490655
0,0,0,0,0,0.0,2,0,8.163656176168432,0.0,4.343805421853684,5.8888779583328805
1,1,0,1,0,1.0,0,0,8.494538500851432,0.0,4.897839799950911,5.8888779583328805
1,1,0,0,2,1.0,2,1,7.8636512654486515,8.160803920954665,4.7535901911063645,5.804625873072162
1,1,0,1,0,0.0,2,0,8.94389780251682,0.0,4.653960350157523,5.8888779583328805
1,1,1,0,0,1.0,2,1,8.6921543938039,8.635153989049803,5.755742213586912,5.8888779583328805
1,1,0,1,0,0.0,1,0,7.8636512654486515,7.555905093611346,4.762173934797756,5.8888779583328805
2,1,2,1,0,0.0,0,0,8.121480374750751,7.559038255443384,4.727387818712341,5.8888779583328805
1,1,1,0,2,1.0,1,0,8.220941168281389,7.98139158158007,5.0238805208462765,5.8888779583328805
1,1,0,0,1,1.0,1,1,9.165447603085447,0.0,5.2574953720277815,5.8888779583328805
1,1,0,0,0,1.0,1,1,7.937374696163295,7.720461694599722,4.812184355372417,5.8888779583328805
1,1,2,1,0,1.0,2,1,8.34924780056679,6.947937068614969,4.709530201312334,5.8888779583328805
1,0,0,1,0,1.0,2,0,7.274479558773871,0.0,3.58351893845611,5.8888779583328805
0,0,2,0,2,1.0,1,1,8.229777750081887,7.642044402873258,4.795790545596741,5.8888779583328805
1,1,1,0,2,1.0,2,0,8.334951631422454,8.122668023346407,5.308267697401205,5.8888779583328805
1,0,0,0,0,1.0,2,0,8.060855752934316,0.0,4.31748811353631,5.8888779583328805
1,0,1,0,1,1.0,0,0,8.453827315794417,0.0,4.672828834461906,5.8888779583328805
1,1,0,0,0,1.0,1,1,8.160803920954665,7.419380582918692,4.74493212836325,5.8888779583328805
1,0,3,0,0,1.0,0,0,9.433563920090563,8.006700845440367,5.771441123130016,5.8888779583328805
1,1,0,0,0,1.0,2,1,7.730174795246222,7.63433723562832,4.866324565936636,5.8888779583328805
1,1,0,0,0,0.0,2,0,7.511524648390866,7.193685818395112,4.61512051684126,5.804625873072162
0,1,0,0,0,1.0,1,1,8.207401833376355,7.286191714702382,4.976733742420574,5.8888779583328805
1,0,0,0,0,1.0,2,1,8.334951631422454,8.88336291691676,5.220355825078324,5.8888779583328805
1,0,0,1,0,1.0,1,1,8.229244416735913,7.419979923661835,4.709530201312334,5.8888779583328805
1,0,0,0,0,1.0,2,0,8.188966863648876,0.0,4.394449154672439,5.8888779583328805
1,0,0,0,0,1.0,2,1,7.496097345175956,7.101675971619444,3.871201010907891,5.8888779583328805
1,1,0,0,0,1.0,2,1,7.783640596221253,0.0,4.330733340286331,5.8888779583328805
1,1,0,0,0,1.0,1,1,8.279443487712665,7.756623334538858,4.90527477843843,5.8888779583328805
1,1,0,1,1,1.0,2,1,8.454466361507933,0.0,4.574710978503383,5.804625873072162
0,0,0,0,0,1.0,2,1,8.134760782418645,0.0,4.48863636973214,5.804625873072162
1,1,1,0,0,1.0,2,1,8.639410824140487,0.0,3.8066624897703196,5.8888779583328805
1,1,0,0,0,1.0,2,1,8.669399124305569,0.0,4.976733742420574,5.8888779583328805
0,1,0,0,0,0.0,2,0,7.880804344674901,8.14351740579748,4.795790545596741,5.8888779583328805
0,0,0,0,0,1.0,1,1,8.294299608857235,7.730174795246222,4.976733742420574,5.8888779583328805
0,1,0,1,0,1.0,1,1,7.564757012905729,7.405495663199472,4.61512051684126,5.8888779583328805
0,0,0,0,0,1.0,1,1,8.034955024502159,0.0,4.795790545596741,5.8888779583328805
0,0,0,0,0,1.0,1,0,8.350193650720067,0.0,4.727387818712341,5.8888779583328805
1,1,2,0,0,1.0,2,0,8.43750042250699,0.0,4.90527477843843,5.8888779583328805
0,1,1,0,1,0.0,2,0,9.350189267092581,0.0,5.659482215759621,5.8888779583328805
1,1,2,0,0,1.0,1,1,7.904334842085095,7.0630481633881725,4.584967478670572,5.8888779583328805
1,1,0,0,0,1.0,1,1,7.665284718471351,7.3727463664043285,4.574710978503383,5.8888779583328805
1,1,0,0,0,1.0,0,0,8.121777419161074,7.696667081526462,4.912654885736052,5.8888779583328805
1,1,1,0,0,1.0,2,1,8.997270906233448,7.719129840906732,5.198497031265826,5.8888779583328805
1,1,2,1,0,1.0,2,1,8.119100837637486,7.958576903813898,4.976733742420574,5.8888779583328805
1,1,0,0,0,1.0,2,1,7.824445930877619,8.241966560231802,4.795790545596741,5.8888779583328805
1,1,3,0,0,1.0,2,1,8.016317898503415,0.0,4.605170185988092,5.8888779583328805
1,1,0,1,1,0.0,0,0,7.867105500316739,8.146129510025405,5.111987788356544,5.198497031265826
1,1,1,0,0,0.0,0,0,8.506334448081361,0.0,4.866324565936636,5.8888779583328805
0,0,0,0,0,0.0,1,0,8.334951631422454,0.0,4.762173934797756,5.8888779583328805
1,1,0,0,0,1.0,1,0,8.652947112393857,8.432941638968646,5.556828061699537,5.8888779583328805
1,0,0,1,0,0.0,2,0,8.071218539969863,7.720905251936779,4.844187086458591,5.198497031265826
1,1,1,0,0,1.0,2,1,9.282754052485227,0.0,5.746203190540153,5.8888779583328805
1,1,3,1,1,1.0,2,1,8.867990898182093,0.0,4.836281906951478,4.110873864173311
0,0,0,0,0,0.0,1,0,8.366602832783736,0.0,4.919980925828125,5.8888779583328805
1,1,0,0,0,1.0,2,1,8.073714641109857,8.028455164114252,5.153291594497779,5.8888779583328805
1,1,2,1,1,1.0,1,1,7.53689712956617,7.53689712956617,4.584967478670572,5.8888779583328805
1,0,0,0,0,1.0,1,1,8.160803920954665,0.0,4.406719247264253,5.707110264748875
1,1,3,1,0,0.0,1,0,8.467162257810672,0.0,4.564348191467836,5.804625873072162
1,1,3,0,1,1.0,1,1,8.569216219483389,7.4815557019095165,5.236441962829949,5.8888779583328805
1,0,0,0,0,1.0,2,0,8.229777750081887,0.0,4.736198448394496,6.175867270105761
1,0,0,0,0,1.0,2,0,8.229777750081887,8.46611040118692,5.176149732573829,5.8888779583328805
1,1,1,0,1,1.0,2,0,6.90875477931522,8.014004994779459,4.709530201312334,5.8888779583328805
1,1,3,0,0,0.0,1,0,8.060855752934316,8.294299608857235,5.198497031265826,5.707110264748875
1,1,3,1,1,1.0,1,1,8.111928063310739,7.681099001536359,4.875197323201151,5.8888779583328805
0,0,0,0,0,1.0,1,1,8.255048902752295,0.0,4.718498871295094,5.8888779583328805
1,1,1,0,1,1.0,1,1,7.78155595923534,0.0,4.866324565936636,5.8888779583328805
0,1,2,0,0,1.0,2,0,7.229113877793302,7.540090320145325,5.123963979403259,5.8888779583328805
1,1,0,0,0,1.0,1,0,8.699681400989514,7.719129840906732,5.583496308781699,5.8888779583328805
1,1,1,0,0,1.0,2,1,8.291295851905407,0.0,3.9318256327243257,5.484796933490655
1,0,0,0,0,1.0,1,1,7.769378609513984,7.836764783264067,4.919980925828125,5.8888779583328805
1,1,2,1,0,1.0,1,1,8.111928063310739,7.601402334583733,4.605170185988092,5.8888779583328805
1,1,0,0,0,1.0,1,1,7.824445930877619,7.6586995582682995,4.653960350157523,5.8888779583328805
1,0,0,0,0,1.0,2,1,9.055672891964043,0.0,5.351858133476067,5.8888779583328805
1,1,0,0,0,1.0,1,1,8.647519453091812,8.335191583433202,5.170483995038151,5.8888779583328805
1,1,0,0,0,1.0,1,1,7.99260665240021,7.972810784121404,4.882801922586371,5.8888779583328805
1,1,2,0,0,1.0,1,1,8.740496729931813,8.640295388550221,5.241747015059643,5.198497031265826
1,1,2,1,0,1.0,2,1,8.09376775793108,7.507141079727608,4.406719247264253,5.8888779583328805
1,0,0,0,0,1.0,1,1,8.327000740241713,0.0,4.812184355372417,5.8888779583328805
1,0,0,1,0,1.0,1,1,8.19450550976564,0.0,3.258096538021482,4.795790545596741
1,0,0,0,2,1.0,2,0,8.82217476094608,0.0,4.866324565936636,5.8888779583328805
0,1,0,0,0,1.0,1,1,7.818027938530729,7.741967899820685,4.927253685157205,5.8888779583328805
1,1,0,0,0,1.0,1,1,7.589841512182657,6.905753276311464,3.9318256327243257,5.8888779583328805
1,1,0,1,0,1.0,1,1,8.340217320947035,0.0,4.7535901911063645,5.198497031265826
1,1,0,0,0,1.0,1,1,7.473069088032197,8.17244681834278,4.882801922586371,5.8888779583328805
1,1,2,1,0,1.0,2,1,8.36380888451688,8.090708716083997,4.897839799950911,5.198497031265826
1,0,0,0,0,1.0,1,1,8.485496104672983,8.244596756382498,5.0238805208462765,5.8888779583328805
1,1,4,0,0,1.0,2,1,9.521568058002977,0.0,4.866324565936636,5.8888779583328805
1,1,0,0,0,1.0,1,1,8.445267451844648,8.18423477409482,4.866324565936636,5.8888779583328805
1,2,4,0,0,1.0,2,1,8.247220052745229,6.626717749249025,5.081404364984463,5.8888779583328805
1,1,1,0,0,1.0,2,1,8.023879992734878,6.93828448401696,4.61512051684126,5.8888779583328805
1,1,2,0,0,1.0,2,1,9.342946336524205,7.027314514039777,5.420534999272286,5.8888779583328805
1,0,0,1,2,1.0,0,0,8.900276348631271,0.0,4.795790545596741,5.8888779583328805
1,1,2,0,0,0.0,2,0,8.24301946898925,8.188966863648876,5.37989735354046,5.8888779583328805
1,1,3,1,0,1.0,1,1,7.6362696033793735,6.626717749249025,4.553876891600541,6.175867270105761
1,0,0,0,0,1.0,2,1,8.57866451350434,0.0,4.919980925828125,5.8888779583328805
0,1,0,0,2,1.0,1,1,7.982757702011113,7.755338812846501,4.941642422609304,5.8888779583328805
1,1,0,1,0,0.0,0,0,8.181160858023409,8.32239411311117,5.030437921392435,5.804625873072162
0,0,1,0,1,1.0,1,1,8.916237731721479,0.0,4.866324565936636,5.8888779583328805
1,0,0,0,2,1.0,1,1,8.527341522468053,0.0,4.77912349311153,5.8888779583328805
1,1,1,0,0,1.0,0,1,9.5876803163585,0.0,5.225746673713202,5.198497031265826
0,1,0,0,0,1.0,1,1,8.060855752934316,7.7336835707759,5.043425116919247,5.8888779583328805
1,1,1,0,0,1.0,2,1,7.703007682479236,7.243512974665482,4.454347296253507,5.8888779583328805
1,1,0,0,0,1.0,0,0,8.624970783589669,7.669961995473577,5.170483995038151,5.8888779583328805
0,0,0,0,0,1.0,2,1,9.250426095515468,0.0,5.560681631015528,5.8888779583328805
1,1,4,0,0,1.0,0,1,8.64259160081057,7.889084407035514,5.198497031265826,5.8888779583328805
0,0,0,0,0,1.0,1,1,8.334951631422454,0.0,3.8066624897703196,5.8888779583328805
0,0,0,0,0,0.0,1,1,7.6676260915849905,9.10286651367095,4.927253685157205,5.8888779583328805
1,1,2,0,0,1.0,1,1,7.992268643270745,0.0,4.406719247264253,5.8888779583328805
1,1,0,1,0,1.0,0,1,8.366602832783736,7.608374474380783,5.272999558563747,5.8888779583328805
0,0,0,0,0,1.0,0,1,8.214194414852564,0.0,4.543294782270004,5.8888779583328805
2,1,3,0,0,1.0,0,1,10.077608912764743,0.0,5.916202062607435,5.8888779583328805
1,0,0,0,0,1.0,0,1,8.259975659768276,7.403061091090091,4.866324565936636,5.8888779583328805
1,1,1,0,1,0.0,2,0,9.260462981379394,8.25608813381491,5.081404364984463,5.198497031265826
1,1,0,0,0,1.0,0,0,8.71292443512011,7.851661177889265,5.209486152841421,5.8888779583328805
1,0,0,0,1,1.0,2,1,9.911802884139842,0.0,6.478509642208569,6.175867270105761
1,0,0,0,0,1.0,2,1,7.608374474380783,7.5652752818989315,4.31748811353631,5.8888779583328805
1,0,0,0,0,1.0,1,1,7.908019444632471,0.0,4.2626798770413155,5.8888779583328805
1,1,0,0,1,1.0,1,1,8.14902386805177,0.0,3.258096538021482,4.795790545596741
1,0,0,0,0,1.0,1,1,8.496173824192162,0.0,4.634728988229636,5.8888779583328805
1,1,3,0,0,1.0,1,0,8.294299608857235,8.955577146281511,5.673323267171493,5.8888779583328805
0,1,0,0,0,1.0,0,0,8.430327258394575,0.0,4.442651256490317,5.8888779583328805
1,1,2,0,1,1.0,2,1,8.106816038947052,8.160803920954665,4.48863636973214,5.8888779583328805
1,0,0,0,0,0.0,1,0,9.615805480084347,0.0,5.493061443340548,5.8888779583328805
1,1,2,1,0,1.0,0,0,8.343077871169383,7.266128779556451,4.867534450455582,5.8888779583328805
1,1,2,0,0,1.0,0,0,8.525756422076725,7.642044402873258,5.225746673713202,5.8888779583328805
1,0,0,0,0,1.0,2,1,8.59748202264504,0.0,5.1298987149230735,5.8888779583328805
1,0,0,0,1,1.0,1,1,8.846640813100485,0.0,5.170483995038151,5.198497031265826
1,1,0,0,0,1.0,1,1,7.900636613018005,7.618251097876695,4.812184355372417,5.8888779583328805
1,1,2,0,0,1.0,2,1,9.3722891389622,0.0,5.236441962829949,5.198497031265826
0,1,0,0,0,1.0,1,1,7.754052639035757,8.408939605975984,4.61512051684126,5.8888779583328805
0,1,2,0,0,1.0,2,1,9.60689927061335,0.0,4.2626798770413155,5.8888779583328805
1,1,1,0,0,1.0,2,1,7.338888133838879,7.262628600974241,3.4339872044851463,5.8888779583328805
0,0,0,0,0,1.0,0,0,9.210440366976517,7.418780882750794,5.420534999272286,5.8888779583328805
1,1,0,0,0,1.0,1,1,8.488999457045455,6.7226297948554485,4.836281906951478,5.8888779583328805
1,0,0,0,0,0.0,0,0,8.744806737401898,0.0,4.77912349311153,5.8888779583328805
1,1,0,0,1,1.0,0,1,7.8547691834991324,8.229777750081887,5.030437921392435,5.8888779583328805
1,0,0,0,0,1.0,2,0,9.123365357961776,0.0,5.501258210544727,5.8888779583328805
1,1,2,1,0,1.0,0,0,7.732807530422021,0.0,4.736198448394496,5.8888779583328805
1,0,0,0,0,1.0,2,1,8.08794755464267,0.0,3.9318256327243257,5.8888779583328805
1,1,3,0,0,0.0,1,1,10.596634733096073,0.0,6.398594934535208,5.198497031265826
1,1,1,0,0,1.0,0,1,8.699681400989514,0.0,5.081404364984463,5.8888779583328805
1,1,1,0,0,1.0,2,1,9.163143937145207,0.0,5.236441962829949,5.8888779583328805
1,0,0,0,2,1.0,0,1,8.000014093678072,7.642044402873258,4.795790545596741,5.8888779583328805
1,1,0,0,0,1.0,1,1,8.430327258394575,8.635153989049803,5.545177444479562,5.8888779583328805
1,1,0,1,0,1.0,1,1,7.530479995245536,6.948897222313312,4.59511985013459,5.8888779583328805
1,1,0,0,0,1.0,2,0,8.978912601074276,0.0,5.62040086571715,5.8888779583328805
1,1,1,0,0,0.0,1,0,8.035926369891792,7.155396301896734,4.804021044733257,5.8888779583328805
1,1,2,0,0,1.0,0,1,8.335191583433202,7.277938572945661,5.0689042022202315,5.8888779583328805
1,1,0,0,0,1.0,2,1,9.140347000155648,0.0,4.330733340286331,5.198497031265826
1,1,0,0,0,1.0,0,1,8.218247926685745,8.06054004653864,5.209486152841421,5.804625873072162
0,1,0,0,0,1.0,0,0,8.430327258394575,0.0,4.727387818712341,5.8888779583328805
1,1,0,0,0,1.0,0,1,7.799753318287247,8.111928063310739,4.867534450455582,5.8888779583328805
1,0,0,0,0,0.0,1,0,7.71333788887187,0.0,4.1588830833596715,6.175867270105761
1,1,2,0,0,1.0,1,1,8.987321812850125,0.0,5.303304908059076,5.8888779583328805
1,1,0,1,2,1.0,0,1,7.507141079727608,7.478734825567875,4.564348191467836,5.8888779583328805
2,1,3,0,0,1.0,2,1,10.85445020594156,0.0,6.55250788703459,5.707110264748875
1,1,3,1,0,1.0,0,0,8.167068178341237,0.0,4.406719247264253,5.198497031265826
1,1,0,0,0,1.0,1,1,8.64979915596426,8.635153989049803,5.236441962829949,5.8888779583328805
1,1,0,1,1,1.0,1,0,8.376781037699493,6.602587892189336,4.477336814478207,5.8888779583328805
1,1,0,0,0,1.0,0,1,8.159946655578548,7.583247524303362,4.762173934797756,5.8888779583328805
1,1,2,0,0,1.0,0,1,7.6236419465115715,7.3901814282264295,4.624972813284271,5.8888779583328805
1,1,3,0,0,0.0,1,0,8.61558951327243,9.332646496360152,6.206575926724928,5.8888779583328805
1,1,1,0,0,1.0,1,1,8.229777750081887,0.0,4.762173934797756,5.8888779583328805
1,0,0,1,0,0.0,2,0,7.755338812846501,7.280697195384741,4.634728988229636,6.175867270105761
1,1,1,0,0,0.0,2,0,8.764209507142004,8.888894669371593,5.198497031265826,5.8888779583328805
1,0,0,0,0,1.0,0,0,7.558516743045645,8.529911963824013,4.219507705176107,5.8888779583328805
1,1,0,0,0,1.0,1,1,8.434028950155469,0.0,4.30406509320417,5.198497031265826
1,1,1,0,0,1.0,1,0,10.429605648120413,0.0,5.564520407322694,5.8888779583328805
0,1,0,0,0,1.0,1,1,8.195885391314796,0.0,4.6913478822291435,5.8888779583328805
1,1,0,0,1,1.0,1,1,10.57510461454571,8.46611040118692,4.795790545596741,5.8888779583328805
1,1,1,0,1,0.0,0,0,7.68662133494462,0.0,4.204692619390966,5.707110264748875
1,1,0,0,0,1.0,0,1,7.776535028185241,7.668093709082406,4.07753744390572,5.8888779583328805
2,1,0,0,1,1.0,0,1,6.51471269087253,8.574895901544526,5.1298987149230735,5.8888779583328805
1,1,0,0,0,1.0,0,1,9.140883106960962,0.0,5.241747015059643,5.198497031265826
1,0,0,1,0,1.0,0,1,8.494129251817686,0.0,3.8918202981106265,5.8888779583328805
1,0,0,0,0,1.0,1,0,9.392745258631441,0.0,5.10594547390058,5.8888779583328805
1,1,0,1,0,1.0,2,0,8.705165419719007,0.0,5.081404364984463,5.8888779583328805
1,0,0,0,0,1.0,1,1,8.258163361537619,0.0,4.343805421853684,5.8888779583328805
1,0,0,0,0,1.0,0,1,8.340933226000878,0.0,4.795790545596741,5.8888779583328805
1,1,1,0,0,1.0,1,0,8.047509510981422,7.857093864902493,5.14166355650266,5.8888779583328805
1,0,0,0,0,1.0,0,1,9.0280988119824,8.229777750081887,5.236441962829949,5.8888779583328805
0,0,0,1,0,1.0,2,1,7.553810852008231,7.768956044538332,4.795790545596741,5.804625873072162
0,1,0,0,0,1.0,1,1,8.136518252115291,7.943427767876373,4.736198448394496,5.8888779583328805
1,0,0,0,1,1.0,2,0,9.305741456739435,0.0,4.430816798843313,5.8888779583328805
1,1,1,1,0,1.0,1,1,7.8636512654486515,7.824445930877619,4.51085950651685,5.8888779583328805
1,0,2,0,0,0.0,1,1,8.501876487304344,0.0,5.117993812416755,5.8888779583328805
1,1,3,1,0,1.0,2,0,8.292298107063221,0.0,4.866324565936636,5.198497031265826
1,1,1,1,0,1.0,2,1,8.160803920954665,6.988413181999592,4.912654885736052,5.8888779583328805
1,1,2,1,0,1.0,1,1,8.273336598504486,0.0,4.8283137373023015,5.8888779583328805
0,0,0,1,0,1.0,1,1,8.391403185357937,0.0,4.795790545596741,5.8888779583328805
0,0,0,0,0,1.0,2,1,8.08487062913819,0.0,4.394449154672439,5.8888779583328805
1,0,0,1,0,1.0,0,1,8.288031567776464,7.836764783264067,4.02535169073515,5.8888779583328805
1,0,0,0,0,1.0,2,1,7.8160138391590275,0.0,4.0943445622221,5.8888779583328805
1,0,0,0,0,1.0,1,0,8.137103389639302,0.0,4.852030263919617,5.8888779583328805
0,0,0,0,0,1.0,1,0,9.210440366976517,0.0,5.3706380281276624,5.8888779583328805
1,1,3,0,0,0.0,1,0,8.14060704285845,7.1316985104669115,4.859812404361672,5.8888779583328805
1,1,1,0,1,1.0,2,1,8.960339366492091,0.0,5.484796933490655,5.8888779583328805
1,1,3,1,1,1.0,0,1,8.648922962094131,0.0,4.875197323201151,5.8888779583328805
1,1,0,0,0,1.0,2,1,8.062747901086354,8.013674142832684,4.927253685157205,5.8888779583328805
1,1,3,1,0,1.0,1,1,8.25608813381491,6.891625897052253,4.61512051684126,5.8888779583328805
1,1,0,0,0,1.0,0,0,5.017279836814924,7.496097345175956,4.912654885736052,5.8888779583328805
1,1,0,0,0,1.0,1,1,8.223627175805483,7.4821189235521155,4.882801922586371,5.8888779583328805
1,1,2,0,2,0.0,1,0,8.517393171418904,0.0,4.290459441148391,5.8888779583328805
0,1,2,0,0,1.0,1,1,8.36264243156764,7.776535028185241,4.852030263919617,5.8888779583328805
1,1,0,0,0,0.0,2,0,7.706162970199576,0.0,4.110873864173311,5.8888779583328805
1,1,2,0,0,1.0,1,1,8.296546520300614,7.4489161025442,4.762173934797756,5.8888779583328805
1,0,0,0,0,1.0,1,1,7.99699040583765,7.934513463882263,4.976733742420574,5.8888779583328805
1,1,0,0,0,1.0,1,1,8.93313654381203,6.918695219020472,5.170483995038151,5.804625873072162
1,1,0,0,0,1.0,1,1,8.740496729931813,0.0,4.859812404361672,5.8888779583328805
1,1,0,0,0,1.0,0,0,8.086717920303906,0.0,5.14166355650266,5.8888779583328805
1,1,4,1,1,1.0,2,0,8.462948176563842,0.0,4.9344739331306915,5.8888779583328805
1,1,2,0,0,1.0,1,1,8.740496729931813,7.4360278163518485,5.351858133476067,5.8888779583328805
1,2,4,0,0,1.0,1,1,8.46779284112111,0.0,5.0689042022202315,6.175867270105761
1,0,0,0,1,1.0,0,1,8.764209507142004,0.0,5.303304908059076,5.8888779583328805
1,1,1,0,0,1.0,1,1,7.820840879907344,7.628031126930335,4.653960350157523,5.8888779583328805
1,1,0,0,2,1.0,0,1,8.220672170297252,0.0,3.7612001156935624,5.198497031265826
1,0,0,1,0,1.0,0,1,8.06777619577889,7.8628820346414905,4.795790545596741,5.804625873072162
0,0,0,0,0,1.0,1,1,9.0280988119824,0.0,5.638354669333745,5.8888779583328805
1,1,1,0,0,1.0,1,1,8.057060681965766,7.484368643286131,4.948759890378168,5.8888779583328805
1,1,1,0,0,1.0,0,1,8.612685172875459,7.13966033596492,5.14166355650266,5.8888779583328805
1,1,0,0,2,1.0,2,0,8.656433258507741,0.0,5.545177444479562,5.8888779583328805
0,0,0,0,1,1.0,2,1,8.150179269682326,0.0,4.812184355372417,5.8888779583328805
0,0,1,0,0,1.0,0,1,8.246171559857563,0.0,4.727387818712341,5.8888779583328805
1,1,1,0,0,1.0,1,1,8.106514516255185,0.0,4.574710978503383,5.8888779583328805
1,1,2,0,0,1.0,0,1,8.669055540725484,8.517393171418904,4.795790545596741,5.8888779583328805
1,1,1,1,0,1.0,2,0,7.828436359157585,7.592870287844818,4.948759890378168,5.198497031265826
1,0,0,0,0,1.0,2,1,7.994969522697877,8.648572269472618,5.049856007249537,4.110873864173311
1,1,2,0,1,1.0,0,1,8.740496729931813,7.170888478512505,4.6913478822291435,5.8888779583328805
1,1,0,1,0,1.0,1,1,8.133587417660966,8.393442383980062,4.820281565605037,5.8888779583328805
1,0,0,0,1,1.0,2,0,8.707978826622321,8.374246182096304,4.795790545596741,5.198497031265826
1,1,2,0,0,1.0,2,1,9.180293450623886,0.0,4.727387818712341,5.8888779583328805
1,1,1,1,0,1.0,2,1,8.796187635470453,0.0,4.927253685157205,5.198497031265826
1,1,1,0,0,1.0,1,1,7.9665866976384025,7.519692404116539,4.820281565605037,6.175867270105761
1,1,0,0,0,1.0,2,1,7.501082124259871,7.533158807455563,4.51085950651685,5.8888779583328805
1,1,0,1,0,0.0,1,0,7.419979923661835,8.266421472984554,5.308267697401205,5.8888779583328805
0,0,2,0,0,1.0,2,0,8.13973227971767,0.0,4.9344739331306915,5.8888779583328805
1,0,0,1,1,1.0,0,1,7.857093864902493,7.681560362559537,4.653960350157523,5.8888779583328805
1,1,1,1,0,1.0,1,1,7.8868329989550565,8.868131713503033,5.634789603169249,5.198497031265826
1,0,0,0,1,0.0,2,0,9.69590972432601,0.0,5.262690188904886,5.8888779583328805
0,0,3,0,0,1.0,0,1,8.03398273468322,0.0,5.545177444479562,5.8888779583328805
1,0,0,1,0,0.0,0,0,8.707152175339404,0.0,4.7535901911063645,5.8888779583328805
1,1,3,0,0,1.0,2,0,8.566173813637858,0.0,4.553876891600541,5.8888779583328805
1,1,0,0,0,1.0,0,0,9.594513744616725,7.650168700845001,5.720311776607412,5.8888779583328805
1,1,3,1,0,1.0,1,0,8.503499864284235,0.0,4.859812404361672,5.8888779583328805
1,1,1,0,0,1.0,2,1,8.713417653379183,8.35490952835879,5.802118375377063,5.8888779583328805
1,0,0,0,0,1.0,1,1,7.630946580890459,7.700747794511798,4.90527477843843,5.8888779583328805
0,0,1,0,0,1.0,1,0,8.155362120328135,0.0,5.049856007249537,3.6109179126442243
0,0,0,0,0,1.0,0,1,8.881975184248867,0.0,4.795790545596741,5.8888779583328805
1,0,0,0,1,1.0,1,1,8.550047528287184,0.0,4.859812404361672,5.8888779583328805
1,0,0,0,0,1.0,0,1,8.317766166719343,8.145549631783584,5.0238805208462765,5.8888779583328805
1,1,2,0,0,1.0,1,1,8.457230850243555,7.23561914106675,5.017279836814924,5.8888779583328805
1,1,3,0,0,0.0,2,1,8.374246182096304,7.502186486602924,5.081404364984463,5.8888779583328805
0,0,0,0,2,1.0,0,0,8.137103389639302,0.0,4.912654885736052,5.8888779583328805
0,0,1,0,0,1.0,2,1,7.964503363551548,7.353081920515432,4.51085950651685,5.8888779583328805
0,0,0,0,0,1.0,2,1,8.08271113423758,0.0,3.4339872044851463,5.8888779583328805
1,1,0,0,0,1.0,2,1,9.318925682389624,0.0,4.919980925828125,5.8888779583328805
1,0,0,0,0,1.0,0,1,7.949444420250626,7.527255919373784,4.844187086458591,5.8888779583328805
1,1,0,0,0,1.0,1,1,7.8713112033234065,7.707062655370473,5.017279836814924,5.8888779583328805
1,1,2,0,0,1.0,1,1,8.268988209506656,0.0,4.51085950651685,5.8888779583328805
1,1,1,0,0,1.0,1,1,7.919719760924575,7.519149957669823,4.7535901911063645,5.8888779583328805
1,1,0,0,0,1.0,1,1,8.29254851397576,8.094073148069352,5.337538079701318,5.8888779583328805
1,1,0,0,0,1.0,2,1,8.04044688130311,7.170888478512505,4.394449154672439,5.8888779583328805
1,1,0,0,0,1.0,1,1,9.5876803163585,0.0,6.07993319509559,5.8888779583328805
0,1,0,1,0,1.0,0,1,8.31898612539206,0.0,4.8283137373023015,5.8888779583328805
1,0,1,1,1,0.0,2,0,8.307459327011946,7.794411205726601,5.0689042022202315,5.8888779583328805
1,1,0,0,0,1.0,1,1,8.275885669474356,6.68586094706836,4.727387818712341,5.8888779583328805
1,1,2,0,0,1.0,2,1,7.741533589281828,6.894467372292008,4.3694478524670215,5.198497031265826
0,0,0,0,0,1.0,2,1,7.502186486602924,7.418780882750794,4.007333185232471,5.8888779583328805
1,1,0,0,0,1.0,0,0,9.936341889407075,0.0,4.866324565936636,5.8888779583328805
1,0,0,0,0,1.0,0,1,8.058010800802085,8.024207485778577,4.499809670330265,5.8888779583328805
0,0,0,0,1,1.0,1,0,7.8636512654486515,7.4489161025442,4.605170185988092,5.707110264748875
1,1,0,0,0,1.0,0,1,8.217438537730187,7.601402334583733,4.795790545596741,5.8888779583328805
0,0,0,0,0,1.0,1,1,8.324821298768782,0.0,4.7535901911063645,5.8888779583328805
1,0,0,0,0,1.0,0,1,9.159993997539445,0.0,5.236441962829949,5.8888779583328805
1,1,0,0,0,1.0,0,1,8.031385330625534,7.790282380703483,4.941642422609304,5.8888779583328805
1,1,2,0,0,0.0,1,0,8.38958706681109,0.0,4.852030263919617,5.8888779583328805
1,1,2,0,0,1.0,2,1,8.056426767522984,7.353081920515432,4.90527477843843,5.8888779583328805
0,0,4,0,0,0.0,2,0,8.59748202264504,0.0,4.969813299576001,6.175867270105761
1,1,0,0,0,1.0,1,1,7.776535028185241,8.112227958349724,5.153291594497779,5.8888779583328805
1,1,3,0,2,1.0,2,1,8.393216011596527,7.1316985104669115,4.709530201312334,5.8888779583328805
1,1,1,0,0,1.0,1,1,8.83579236650274,0.0,5.303304908059076,5.8888779583328805
0,1,1,0,0,1.0,2,1,8.448271745949816,0.0,4.912654885736052,5.8888779583328805
0,0,0,0,0,1.0,0,0,8.517393171418904,7.8407064517494,5.0238805208462765,6.175867270105761
1,1,1,0,0,1.0,2,0,7.608374474380783,7.98139158158007,4.736198448394496,5.8888779583328805
1,1,0,1,0,0.0,2,0,7.496097345175956,7.984462732262196,4.543294782270004,5.8888779583328805
1,1,4,1,0,1.0,1,1,7.964155718840937,7.467942332285852,4.663439094112067,5.8888779583328805
0,0,0,0,0,1.0,0,1,8.517393171418904,0.0,4.890349128221754,5.8888779583328805
1,1,1,0,0,1.0,2,1,7.3938782901077555,7.4977617006225685,4.574710978503383,5.8888779583328805
1,0,0,0,0,1.0,0,1,8.294299608857235,7.824445930877619,4.948759890378168,5.8888779583328805
1,0,0,1,0,1.0,2,0,7.601402334583733,0.0,4.866324565936636,5.8888779583328805
0,0,0,0,0,1.0,0,1,8.232971790593437,7.418780882750794,4.912654885736052,5.8888779583328805
0,0,0,0,0,0.0,2,0,7.783640596221253,7.530479995245536,4.653960350157523,5.8888779583328805
1,0,0,0,0,1.0,0,0,9.915119636765835,0.0,6.175867270105761,5.8888779583328805
1,1,2,1,0,1.0,0,1,8.944811104165534,0.0,5.225746673713202,5.8888779583328805
0,0,0,0,0,1.0,1,1,7.978653729082731,0.0,4.442651256490317,5.8888779583328805
1,0,0,1,0,1.0,1,1,7.982074875081202,7.785720896534624,4.718498871295094,5.8888779583328805
0,0,0,0,0,1.0,0,1,7.827240901752812,0.0,4.04305126783455,5.8888779583328805
1,1,2,0,1,1.0,0,1,8.656433258507741,0.0,4.976733742420574,4.442651256490317
2,1,0,0,0,1.0,0,0,7.813591552952433,7.519692404116539,5.075173815233827,5.8888779583328805
1,1,1,1,0,1.0,2,1,8.131530710604252,7.403061091090091,4.718498871295094,5.198497031265826
1,1,2,0,0,1.0,1,1,8.220941168281389,0.0,4.795790545596741,5.8888779583328805
1,1,0,0,0,1.0,2,1,7.629975707027789,7.666221925662725,4.48863636973214,5.8888779583328805
0,0,1,0,0,1.0,1,1,8.17244681834278,0.0,4.727387818712341,5.8888779583328805
1,1,1,0,1,1.0,0,0,9.210440366976517,0.0,5.049856007249537,5.8888779583328805
1,1,0,0,0,1.0,1,1,7.783640596221253,7.681560362559537,4.7535901911063645,5.8888779583328805
1,1,3,0,0,1.0,1,1,8.376320632534823,5.247024072160486,4.8283137373023015,5.8888779583328805
1,1,2,1,0,1.0,0,1,8.189244525735901,7.372118028337787,4.866324565936636,5.8888779583328805
0,0,0,0,0,1.0,0,1,8.06054004653864,8.001689978099135,4.890349128221754,5.8888779583328805
1,1,3,0,0,1.0,0,1,9.61587214452889,0.0,5.707110264748875,5.8888779583328805
1,1,1,0,1,0.0,0,0,9.067277989134345,8.51398806046729,5.932245187448011,5.8888779583328805
1,0,0,0,0,0.0,0,1,8.500657222776137,0.0,4.875197323201151,5.8888779583328805
1,1,0,0,1,1.0,1,1,8.66888370465667,7.6783263565068856,5.220355825078324,5.8888779583328805
0,1,0,0,0,1.0,2,0,8.374246182096304,7.804659297056102,4.709530201312334,5.8888779583328805
0,0,0,0,0,1.0,2,1,7.824445930877619,0.0,4.219507705176107,5.8888779583328805
1,0,1,0,0,1.0,2,1,8.385944904806284,7.492203042618741,4.770684624465665,5.8888779583328805
1,0,0,0,0,1.0,1,1,7.984803389734406,0.0,4.59511985013459,5.8888779583328805
1,0,4,0,0,1.0,2,1,7.949444420250626,0.0,4.276666119016055,5.8888779583328805
1,1,0,0,2,1.0,2,1,11.056240743970491,0.0,6.19644412779452,5.198497031265826
2,1,1,0,1,1.0,2,1,9.193601047971885,7.51425465281641,5.209486152841421,5.198497031265826
1,1,4,0,1,1.0,1,1,8.61323037961318,8.409830673087738,4.2626798770413155,5.804625873072162
1,1,1,0,2,1.0,0,1,8.566173813637858,6.535241271013659,5.081404364984463,5.8888779583328805
1,1,2,0,1,1.0,0,1,7.824445930877619,8.434028950155469,5.176149732573829,5.8888779583328805
0,0,3,1,0,0.0,2,0,7.5126175446745105,0.0,4.866324565936636,5.8888779583328805
0,0,0,0,0,1.0,1,1,8.333510708982942,0.0,4.276666119016055,5.8888779583328805
1,1,3,1,0,1.0,0,0,7.881559917056899,7.370230641807081,5.159055299214529,5.8888779583328805
0,0,0,0,0,1.0,0,0,7.774435510302958,0.0,3.8501476017100584,5.8888779583328805
1,1,1,1,0,1.0,2,1,8.423980809694058,7.114769448366463,5.0689042022202315,5.8888779583328805
1,1,3,1,0,1.0,1,1,8.062747901086354,0.0,4.31748811353631,5.8888779583328805
1,1,2,0,2,1.0,0,1,7.857093864902493,7.754052639035757,4.836281906951478,5.8888779583328805
1,1,0,0,0,1.0,1,1,7.824046010856292,7.807510042216193,5.081404364984463,5.8888779583328805
1,1,4,1,0,0.0,0,0,8.16735198705607,8.080546965824498,5.030437921392435,5.8888779583328805
1,1,2,1,0,1.0,2,1,8.03398273468322,7.682021510826875,4.844187086458591,5.8888779583328805
1,1,0,0,0,1.0,1,1,8.753687227098585,8.430327258394575,5.560681631015528,5.8888779583328805
1,1,0,0,0,1.0,0,1,7.873217054862741,8.740496729931813,5.236441962829949,5.8888779583328805
1,1,0,0,0,1.0,1,1,9.114269903225448,0.0,5.43372200355424,5.8888779583328805
1,0,0,0,0,1.0,0,0,9.076923258535832,8.335191583433202,5.733341276897746,5.8888779583328805
1,1,3,0,0,1.0,0,1,7.888709524182015,7.642044402873258,4.564348191467836,5.8888779583328805
0,1,0,0,1,0.0,0,0,8.612685172875459,0.0,4.663439094112067,5.8888779583328805
0,1,0,0,0,1.0,1,1,7.793174347189205,6.226536669287466,4.875197323201151,5.8888779583328805
0,0,4,0,0,1.0,2,1,8.246433786160365,0.0,4.762173934797756,5.198497031265826
1,1,2,0,0,1.0,0,1,9.0280988119824,8.060855752934316,5.111987788356544,5.8888779583328805
1,1,1,0,0,1.0,2,0,8.262558973010657,0.0,4.219507705176107,5.8888779583328805
1,1,0,1,0,0.0,2,0,8.006700845440367,7.418780882750794,4.61512051684126,6.175867270105761
1,1,3,0,0,1.0,1,1,8.550241045462437,8.060855752934316,5.303304908059076,5.8888779583328805
0,0,1,0,0,1.0,1,0,8.460411177317253,0.0,4.406719247264253,5.8888779583328805
1,1,2,0,0,1.0,1,1,8.517393171418904,8.207401833376355,5.4680601411351315,5.8888779583328805
1,1,0,0,0,1.0,2,1,8.46611040118692,7.755338812846501,4.875197323201151,5.8888779583328805
1,1,0,0,0,1.0,2,1,8.01102337918644,8.017637159908478,4.564348191467836,5.707110264748875
1,0,0,0,1,1.0,0,1,8.828054536815424,0.0,4.955827057601261,5.8888779583328805
1,0,0,1,0,1.0,0,0,8.735042754269337,0.0,4.897839799950911,5.8888779583328805
1,0,0,0,0,1.0,1,0,7.824445930877619,0.0,4.574710978503383,6.175867270105761
1,0,0,0,0,0.0,0,0,8.54188580400661,0.0,4.8283137373023015,5.804625873072162
1,1,1,0,0,1.0,1,1,8.752423403865594,0.0,5.170483995038151,5.8888779583328805
1,1,0,0,0,1.0,0,0,9.889946281969461,8.569216219483389,6.3473892096560105,5.8888779583328805
0,0,0,0,1,1.0,1,1,9.66523036341187,0.0,4.02535169073515,5.8888779583328805
1,1,2,0,0,1.0,1,1,8.55371796609861,0.0,5.049856007249537,5.8888779583328805
1,1,2,0,1,1.0,0,1,9.140347000155648,8.971321471503682,5.942799375126701,5.707110264748875
1,0,1,0,0,0.0,2,0,8.027150106832774,7.59488438721652,4.718498871295094,5.198497031265826
0,0,0,0,2,1.0,2,1,7.9247959139564355,7.286191714702382,4.709530201312334,5.8888779583328805
1,1,0,0,0,1.0,2,1,8.480114183174816,6.828712071641684,4.795790545596741,5.198497031265826
1,1,3,0,0,1.0,0,1,9.076923258535832,8.516593011344206,4.875197323201151,5.8888779583328805
1,1,0,0,0,1.0,1,1,8.368925174747135,0.0,4.875197323201151,5.8888779583328805
1,0,0,0,0,1.0,2,0,8.029432840581244,0.0,4.276666119016055,6.175867270105761
1,1,2,0,0,1.0,2,1,8.592671652592143,0.0,4.875197323201151,5.8888779583328805
1,1,0,0,2,1.0,1,1,8.111928063310739,7.824445930877619,4.859812404361672,5.8888779583328805
1,0,0,0,0,1.0,1,1,8.689801056022553,8.350666240520924,5.6937321388027,5.8888779583328805
0,0,0,0,0,1.0,2,1,8.699681400989514,0.0,5.056245805348308,5.8888779583328805
1,0,0,0,1,1.0,2,1,8.877381954654766,0.0,4.859812404361672,5.8888779583328805
1,1,2,0,0,1.0,2,0,8.426611813185,0.0,4.61512051684126,5.8888779583328805
1,0,1,0,2,1.0,2,1,8.207401833376355,0.0,4.736198448394496,5.198497031265826
1,0,0,1,0,1.0,1,1,7.760893195851024,7.3783837129967145,4.890349128221754,5.8888779583328805
1,1,0,1,0,0.0,2,0,8.010027528481734,8.051022208190679,4.866324565936636,5.8888779583328805
1,1,0,0,0,1.0,2,1,7.755338812846501,7.790696031174738,4.919980925828125,5.8888779583328805
1,1,0,0,0,1.0,0,1,8.610501368549889,0.0,4.836281906951478,5.8888779583328805
1,0,3,0,0,1.0,0,1,9.12347443895452,0.0,5.225746673713202,5.8888779583328805
1,1,3,0,0,1.0,0,1,9.15957325492253,0.0,5.62040086571715,5.8888779583328805
1,1,0,0,0,1.0,2,1,7.857093864902493,7.65728279297819,4.795790545596741,5.8888779583328805
1,1,2,1,0,1.0,1,1,7.597897950521784,7.3938782901077555,4.736198448394496,5.198497031265826
1,1,2,0,0,1.0,2,1,8.03947991910045,7.244941546337007,4.736198448394496,5.8888779583328805
1,1,2,0,0,1.0,1,1,8.094683648698815,6.184148890937483,4.912654885736052,5.8888779583328805
0,0,0,0,0,0.0,2,0,8.064950891749143,0.0,4.276666119016055,5.8888779583328805
1,1,0,0,0,1.0,2,1,8.017637159908478,7.286191714702382,4.564348191467836,5.8888779583328805
1,0,0,1,0,1.0,0,1,8.269500767180615,7.418780882750794,4.700480365792417,5.8888779583328805
0,0,0,0,0,0.0,1,0,7.313886831633462,7.496097345175956,4.6443908991413725,5.8888779583328805
1,1,2,1,0,0.0,2,0,7.969011781106478,0.0,3.828641396489095,5.198497031265826
1,0,0,1,0,1.0,0,0,7.9215356321335495,0.0,4.189654742026425,5.707110264748875
1,0,0,0,0,1.0,1,1,7.824445930877619,9.90353755128617,4.6443908991413725,5.8888779583328805
0,0,0,1,0,1.0,1,1,7.582738488914411,0.0,3.9889840465642745,5.8888779583328805
0,0,0,0,1,1.0,0,0,8.914894908906568,0.0,5.272999558563747,5.8888779583328805
0,0,0,0,0,1.0,1,1,8.422442854870427,0.0,4.7535901911063645,5.8888779583328805
1,1,0,1,0,1.0,2,1,7.681560362559537,7.783640596221253,4.7535901911063645,5.8888779583328805
0,0,0,1,0,1.0,0,1,7.7025561132685825,0.0,4.204692619390966,5.8888779583328805
1,1,1,0,0,0.0,1,0,9.024131268455035,0.0,5.030437921392435,5.707110264748875
1,1,3,0,0,0.0,0,0,11.302216779257382,0.0,5.8888779583328805,5.8888779583328805
0,0,1,1,1,1.0,1,0,8.260492856573185,0.0,4.143134726391533,5.8888779583328805
1,1,0,0,2,1.0,2,1,8.741456115998364,0.0,5.081404364984463,5.8888779583328805
1,1,0,1,0,0.0,0,0,8.715552125907816,0.0,5.389071729816501,5.8888779583328805
1,1,0,1,0,1.0,0,1,7.720461694599722,7.617759576608505,4.709530201312334,5.8888779583328805
0,1,0,1,0,0.0,1,0,7.673223121121708,8.08271113423758,5.187385805840755,5.8888779583328805
0,0,0,0,0,1.0,2,1,8.005033344637111,0.0,4.110873864173311,5.8888779583328805
0,0,1,0,0,1.0,2,0,7.8636512654486515,0.0,5.081404364984463,5.8888779583328805
1,1,2,0,1,1.0,2,0,7.3783837129967145,9.90353755128617,5.480638923341991,5.8888779583328805
1,1,0,0,0,1.0,0,1,6.933423025730715,7.928045600874777,4.727387818712341,5.8888779583328805
1,1,0,0,0,1.0,1,1,8.085486772102845,7.257002707092073,4.9344739331306915,5.8888779583328805
1,1,0,0,0,1.0,0,1,8.670772279344538,0.0,4.9344739331306915,5.8888779583328805
0,0,0,1,0,0.0,2,0,7.908754738783246,0.0,4.394449154672439,5.804625873072162
1,1,0,0,0,1.0,2,1,7.507141079727608,7.450079569807499,4.61512051684126,5.8888779583328805
1,1,1,0,0,0.0,2,0,8.888894669371593,7.419380582918692,4.709530201312334,5.804625873072162
1,1,0,0,0,1.0,1,1,9.60784051043005,0.0,4.574710978503383,5.8888779583328805
1,1,0,0,0,1.0,0,1,7.888709524182015,8.366602832783736,4.804021044733257,5.8888779583328805
0,0,1,1,0,1.0,0,0,8.435332164935916,0.0,4.406719247264253,5.8888779583328805
1,1,2,0,0,1.0,1,1,8.688790784847216,0.0,4.897839799950911,5.8888779583328805
1,1,0,0,0,1.0,0,1,7.979681302387741,2.8402474197790153,4.477336814478207,5.8888779583328805
1,0,0,1,0,1.0,2,1,7.907651594711089,0.0,4.110873864173311,5.198497031265826
0,0,1,0,1,1.0,1,1,9.062420241899561,0.0,5.017279836814924,5.8888779583328805
1,0,0,0,0,0.0,0,0,8.77971129020447,0.0,4.663439094112067,5.8888779583328805
1,0,0,0,2,1.0,1,1,9.463198053273784,0.0,6.0063531596017325,5.8888779583328805
1,1,0,0,0,1.0,1,1,7.793999089503996,7.75833346749091,4.969813299576001,5.8888779583328805
1,0,0,0,0,1.0,2,1,8.229777750081887,0.0,4.61512051684126,5.8888779583328805
0,2,4,0,0,1.0,1,1,9.21512888870798,0.0,4.866324565936636,5.484796933490655
1,0,0,0,0,1.0,1,1,7.563719668414366,7.524021415206125,3.9318256327243257,5.8888779583328805
1,1,0,0,0,1.0,2,1,7.7025561132685825,7.026426808699636,4.866324565936636,5.8888779583328805
1,0,0,0,1,0.0,2,0,9.251194365984448,0.0,5.236441962829949,5.8888779583328805
0,1,0,1,1,1.0,0,1,8.873888135154973,0.0,4.9344739331306915,5.8888779583328805
1,0,0,0,0,1.0,1,1,8.205491613120236,8.530109416682784,5.236441962829949,5.8888779583328805
1,1,0,0,0,1.0,0,1,8.974871170971337,7.51425465281641,5.198497031265826,5.8888779583328805
1,0,3,1,0,1.0,1,1,8.457018468380168,7.597897950521784,5.003946305945459,5.8888779583328805
1,0,1,0,0,1.0,1,1,10.537945736747394,0.0,5.030437921392435,5.8888779583328805
1,1,0,0,0,1.0,0,1,8.900276348631271,9.0280988119824,5.170483995038151,5.707110264748875
1,1,1,0,1,1.0,0,1,8.151044945685024,7.099201743553092,4.875197323201151,5.8888779583328805
1,1,2,1,0,1.0,0,1,8.445267451844648,0.0,4.709530201312334,5.8888779583328805
1,1,0,0,2,1.0,0,0,8.17188200612782,7.227662498728654,4.02535169073515,5.8888779583328805
1,1,2,0,0,0.0,0,0,8.114025442356757,7.444833273892193,5.017279836814924,5.8888779583328805
1,0,1,1,1,1.0,1,0,7.926602599181384,7.341483852363161,5.25227342804663,5.8888779583328805
1,1,2,1,0,0.0,0,0,7.745002803515839,7.135687347028144,4.836281906951478,5.8888779583328805
1,1,2,1,0,1.0,2,1,7.580189417944541,7.284134806195205,4.110873864173311,5.707110264748875
1,1,0,0,0,0.0,0,0,8.28121766128665,7.458186157340487,5.0106352940962555,5.8888779583328805
1,1,0,0,0,0.0,0,1,7.81762544305337,7.810758116529357,4.51085950651685,5.198497031265826
1,0,0,0,1,1.0,1,1,8.865876285425417,0.0,4.442651256490317,5.8888779583328805
1,1,2,0,0,1.0,1,1,8.258422462458876,0.0,4.574710978503383,5.8888779583328805
1,1,0,0,0,1.0,2,1,8.366835309827675,0.0,4.77912349311153,5.8888779583328805
1,1,0,0,0,1.0,2,0,8.21851757748959,7.851661177889265,5.159055299214529,5.8888779583328805
1,0,2,0,0,1.0,0,1,8.379079889286603,0.0,4.919980925828125,5.8888779583328805
1,1,0,0,0,1.0,1,0,9.028218795184895,0.0,5.081404364984463,5.8888779583328805
2,1,0,0,1,1.0,1,1,7.642044402873258,8.314832179284556,5.081404364984463,5.8888779583328805
1,1,3,0,0,1.0,2,1,8.954286157204713,0.0,4.859812404361672,5.198497031265826
1,1,0,0,0,1.0,0,1,8.011686729127847,7.691200097522863,5.0369526024136295,5.8888779583328805
0,0,1,1,2,1.0,1,1,8.554874258383926,0.0,4.890349128221754,5.8888779583328805
1,0,0,0,0,0.0,1,0,8.334951631422454,0.0,4.59511985013459,5.8888779583328805
1,0,0,0,0,1.0,0,1,8.699681400989514,0.0,4.948759890378168,5.8888779583328805
1,1,3,1,0,0.0,2,0,7.988882253309227,7.417580402414544,4.2626798770413155,5.198497031265826
2,1,0,0,0,1.0,1,1,9.722744748855389,0.0,4.709530201312334,5.8888779583328805
0,1,2,1,2,1.0,1,1,5.351858133476067,7.978653729082731,4.59511985013459,5.8888779583328805
1,1,0,0,0,1.0,2,0,8.374246182096304,7.804659297056102,4.709530201312334,5.8888779583328805
1,1,1,0,1,1.0,1,1,8.146419323098003,7.640123172695364,5.093750200806762,5.8888779583328805
1,1,1,1,0,0.0,0,0,7.8838232148921525,7.313886831633462,4.736198448394496,5.198497031265826
1,1,3,0,0,1.0,1,1,8.453614209773367,0.0,4.61512051684126,5.8888779583328805
0,0,0,0,1,1.0,2,1,7.824445930877619,0.0,4.543294782270004,5.8888779583328805
1,0,2,0,0,1.0,0,1,8.618485442898109,8.444407421690585,5.093750200806762,5.8888779583328805
1,1,2,0,1,1.0,0,1,9.71269017726113,6.922643891475888,5.017279836814924,5.8888779583328805
1,1,2,0,0,1.0,1,1,8.81001204797317,7.467942332285852,5.442417710521793,5.707110264748875
2,1,2,0,0,0.0,1,0,7.96346006663897,7.5352967024440884,4.890349128221754,5.8888779583328805
1,1,1,0,1,1.0,1,1,9.721245992542345,7.719129840906732,4.465908118654584,5.8888779583328805
1,1,2,0,0,1.0,2,0,7.988882253309227,7.38025578842646,4.866324565936636,5.8888779583328805
0,0,0,1,0,1.0,0,1,8.37816098272068,0.0,5.043425116919247,5.8888779583328805
1,1,3,1,0,1.0,0,1,8.037866234709618,0.0,4.736198448394496,5.8888779583328805
1,1,0,0,0,1.0,1,1,7.642044402873258,8.055475141757274,4.859812404361672,5.8888779583328805
1,1,0,0,0,1.0,1,1,9.290444616217844,0.0,5.459585514144159,5.8888779583328805
1,1,2,0,0,1.0,1,1,9.0280988119824,0.0,5.5093883366279774,5.8888779583328805
1,1,1,1,0,1.0,0,1,7.580189417944541,7.798523053625206,4.882801922586371,5.8888779583328805
1,0,2,0,0,0.0,0,0,8.17413934342947,0.0,4.394449154672439,5.8888779583328805
1,1,1,0,0,1.0,2,0,9.816512538521721,0.0,6.2166061010848646,5.8888779583328805
1,1,2,0,1,1.0,1,1,8.430327258394575,7.642044402873258,5.081404364984463,5.8888779583328805
1,0,0,0,0,1.0,2,0,7.798112628829788,0.0,4.330733340286331,5.8888779583328805
1,0,0,1,0,1.0,1,1,7.90100705199242,7.932362154339751,4.574710978503383,5.8888779583328805
1,1,1,1,0,1.0,2,1,8.58185670474196,7.0317412587631285,5.231108616854587,5.8888779583328805
1,0,0,1,0,1.0,0,1,8.213923595622743,0.0,4.709530201312334,5.8888779583328805
0,0,0,1,1,1.0,1,1,9.756378687497916,0.0,5.420534999272286,5.8888779583328805
1,1,0,0,0,0.0,0,0,8.188133414510478,7.67693714581808,4.787491742782046,5.8888779583328805
0,1,1,0,0,1.0,1,1,8.109826276018477,6.81783057145415,4.663439094112067,4.442651256490317
1,1,0,1,0,1.0,0,1,7.8636512654486515,7.438971592395862,4.68213122712422,5.8888779583328805
1,1,0,0,0,1.0,2,1,8.439447842791385,7.957877358489813,4.718498871295094,2.5649493574615367
1,1,1,0,1,1.0,1,1,7.971085753505607,0.0,4.564348191467836,5.8888779583328805
1,0,0,0,0,0.0,0,0,8.745761999375512,8.393216011596527,5.3471075307174685,5.8888779583328805
0,0,0,0,0,1.0,0,1,6.470799503782602,8.211754397375197,4.736198448394496,6.175867270105761
0,0,0,0,0,1.0,1,1,8.058327306580958,0.0,4.61512051684126,5.8888779583328805
1,1,2,0,0,1.0,1,1,8.490027523343468,8.63497622707262,5.342334251964811,5.8888779583328805
1,1,1,1,0,1.0,0,0,8.30671904320269,8.57602797713713,4.9344739331306915,5.8888779583328805
1,1,0,1,0,1.0,1,1,8.246695943718557,7.302496423727326,4.8283137373023015,5.707110264748875
1,1,2,0,0,1.0,0,1,8.163656176168432,8.393216011596527,5.497168225293202,5.8888779583328805
1,1,0,0,0,1.0,2,1,9.944341546544393,8.805075243870684,6.175867270105761,5.8888779583328805
2,0,0,0,0,1.0,2,0,8.18423477409482,0.0,4.574710978503383,5.8888779583328805
1,1,0,0,1,1.0,2,1,7.8160138391590275,8.01102337918644,5.241747015059643,5.8888779583328805
0,0,1,0,0,1.0,2,1,9.492733482494353,0.0,3.713572066704308,5.8888779583328805
1,0,0,1,0,1.0,0,0,8.188411308079031,7.160845906664299,4.61512051684126,5.8888779583328805
1,1,1,0,0,1.0,1,1,8.710454688248527,7.60339933974067,5.5254529391317835,5.8888779583328805
1,1,2,0,0,1.0,2,1,8.096817470572319,7.618742377670413,5.003946305945459,5.8888779583328805
1,1,0,0,0,1.0,1,0,7.664346632098617,8.80492526261806,4.2626798770413155,5.198497031265826
1,0,0,0,0,1.0,0,0,8.668368019213355,8.207129168071326,5.7430031878094825,5.8888779583328805
1,1,3,0,0,1.0,0,1,8.151044945685024,8.14002395246292,5.017279836814924,5.8888779583328805
0,1,2,0,0,1.0,1,1,7.616775808698373,7.398174092970465,4.736198448394496,6.175867270105761
1,1,4,1,0,0.0,1,0,8.031060180240619,7.496097345175956,4.820281565605037,5.8888779583328805
1,0,0,0,0,1.0,1,0,8.451907724717607,7.557994958530806,5.225746673713202,5.8888779583328805
0,0,0,1,0,1.0,0,0,8.131824785007195,0.0,4.564348191467836,5.8888779583328805
1,1,2,1,0,1.0,1,1,7.693025748417888,7.463363045520021,3.828641396489095,5.8888779583328805
1,0,0,0,0,1.0,1,1,7.824445930877619,0.0,4.02535169073515,5.8888779583328805
1,1,3,0,1,1.0,0,1,8.644354337032917,7.261927092702751,4.61512051684126,5.8888779583328805
1,1,2,0,1,1.0,0,1,8.980801413573113,8.877242435993919,6.175867270105761,5.8888779583328805
1,0,0,0,0,1.0,1,0,8.45126704130007,7.643961949002529,4.866324565936636,5.8888779583328805
1,1,2,0,1,1.0,0,1,9.770013301136158,0.0,5.993961427306569,5.8888779583328805
1,1,0,0,0,1.0,1,1,8.236420527265391,0.0,4.709530201312334,5.8888779583328805
1,1,1,1,0,0.0,1,1,8.572817095164234,7.266128779556451,5.087596335232384,5.8888779583328805
1,0,1,1,0,1.0,1,1,7.893572073504902,7.172424577124845,4.553876891600541,5.8888779583328805
1,0,0,1,0,1.0,1,1,8.822322177471738,0.0,4.875197323201151,5.8888779583328805
1,1,0,0,0,1.0,0,1,6.933423025730715,8.612685172875459,5.37989735354046,5.8888779583328805
1,1,3,0,0,1.0,2,1,8.362175469149628,0.0,4.61512051684126,5.8888779583328805
1,0,2,0,0,0.0,0,0,8.185628891147607,0.0,4.709530201312334,5.8888779583328805
1,0,1,0,0,1.0,1,0,9.328212292571072,0.0,5.2832037287379885,5.8888779583328805
0,0,0,1,1,1.0,2,1,9.80730699406216,0.0,4.836281906951478,5.8888779583328805
1,0,0,1,2,1.0,0,1,7.844240718141811,7.622174594817622,4.844187086458591,5.8888779583328805
1,1,0,0,0,1.0,2,1,8.721602344674197,8.27052509505507,5.783825182329737,5.8888779583328805
1,0,2,0,0,1.0,1,1,8.193676665955241,0.0,4.68213122712422,5.8888779583328805
1,1,0,1,0,1.0,0,0,7.978653729082731,6.285998094508865,4.204692619390966,5.8888779583328805
1,1,3,0,0,1.0,0,1,8.766861821669803,0.0,5.062595033026967,5.198497031265826
0,1,1,0,0,1.0,1,1,8.435766192720509,7.953669778649798,4.948759890378168,5.198497031265826
0,0,0,0,0,0.0,1,0,7.668093709082406,0.0,4.605170185988092,5.8888779583328805
0,0,1,0,2,1.0,1,1,8.203304026795282,0.0,4.564348191467836,5.8888779583328805
1,1,1,1,0,1.0,2,1,7.7142311448490855,7.83399634170946,4.859812404361672,5.8888779583328805
0,1,0,1,0,1.0,1,1,8.012349639327795,6.498282149476434,4.634728988229636,5.8888779583328805
1,1,0,0,0,1.0,0,1,7.926241523170962,7.576097340623111,5.049856007249537,5.8888779583328805
1,0,0,1,0,1.0,1,0,8.119398589612294,0.0,4.394449154672439,3.6109179126442243
1,0,0,0,0,1.0,0,1,7.834788107388194,7.486613313139955,4.983606621708336,5.8888779583328805
0,0,0,0,0,0.0,1,0,8.517393171418904,0.0,4.6443908991413725,5.8888779583328805
1,1,0,0,0,1.0,0,1,7.932362154339751,7.6093665379542115,4.709530201312334,5.8888779583328805
1,1,2,0,1,0.0,0,0,8.799963219506997,0.0,4.866324565936636,5.8888779583328805
1,1,1,1,0,1.0,0,1,7.821242083523558,7.773173680482536,4.866324565936636,5.8888779583328805
1,1,1,0,0,1.0,2,1,8.111928063310739,8.086717920303906,5.0689042022202315,5.8888779583328805
1,1,0,1,0,0.0,2,0,7.805882040228621,7.755338812846501,5.204006687076795,5.8888779583328805
1,1,0,0,0,0.0,0,0,8.187021067343505,8.358666283188,4.890349128221754,5.198497031265826
1,1,1,0,0,1.0,1,1,8.606851063346772,6.940222469119639,3.295836866004329,5.8888779583328805
0,0,0,0,0,1.0,2,1,7.889084407035514,7.3938782901077555,4.442651256490317,5.8888779583328805
1,1,3,0,1,1.0,1,1,9.224243277145174,0.0,5.564520407322694,5.8888779583328805
1,1,0,0,0,1.0,1,1,8.265650165580329,7.8898337513942955,5.093750200806762,5.8888779583328805
0,1,0,0,0,1.0,1,1,8.338305731356565,7.7437032581737535,5.209486152841421,5.8888779583328805
1,1,2,1,0,1.0,1,1,8.209580483475577,5.493061443340548,4.6913478822291435,5.8888779583328805
0,1,1,0,1,1.0,1,1,9.87740021777281,0.0,6.398594934535208,5.8888779583328805
1,1,0,0,0,1.0,0,1,8.68676717538769,7.628031126930335,5.356586274672012,5.8888779583328805
1,0,0,1,1,1.0,1,1,8.665785595466064,0.0,4.890349128221754,5.8888779583328805
1,1,2,0,0,0.0,2,0,9.082507000466299,0.0,5.556828061699537,5.8888779583328805
1,1,0,1,0,1.0,0,1,8.404696160189092,0.0,4.795790545596741,5.8888779583328805
1,0,0,0,0,1.0,2,1,8.111928063310739,0.0,4.2626798770413155,5.8888779583328805
1,1,3,0,0,0.0,0,0,8.131824785007195,7.824445930877619,4.820281565605037,5.8888779583328805
0,0,0,0,0,1.0,2,0,7.774435510302958,0.0,2.302585092994046,5.8888779583328805
1,1,0,0,0,0.0,2,0,8.06054004653864,7.632885505395133,4.653960350157523,5.8888779583328805
1,1,1,0,0,1.0,2,1,8.136810863675537,7.467942332285852,5.231108616854587,5.8888779583328805
1,1,4,0,0,0.0,2,0,8.540323608805092,7.280697195384741,5.111987788356544,5.8888779583328805
1,1,2,0,0,1.0,2,1,9.721185995542177,0.0,5.62040086571715,5.8888779583328805
1,1,2,1,0,1.0,1,0,8.72029728739272,7.3938782901077555,5.236441962829949,6.175867270105761
1,1,3,0,0,1.0,1,0,8.765146421639022,0.0,5.017279836814924,5.8888779583328805
1,1,2,0,0,1.0,2,1,8.058327306580958,6.135564891081739,4.6913478822291435,4.442651256490317
2,1,0,0,0,0.0,1,0,8.035278911144667,7.701200180857446,4.919980925828125,5.8888779583328805
1,0,0,0,0,1.0,2,1,8.080237416216702,7.9157131993821155,4.709530201312334,5.8888779583328805
1,1,1,0,0,1.0,0,1,7.48605261786314,7.711101251840158,4.68213122712422,5.8888779583328805
1,0,0,0,2,1.0,2,1,8.065579427282092,7.978653729082731,5.087596335232384,5.8888779583328805
1,1,2,0,0,1.0,1,1,8.785845337961213,0.0,5.327876168789581,5.8888779583328805
1,0,0,0,0,1.0,2,0,7.515889085215125,10.429339710318741,4.51085950651685,5.8888779583328805
0,1,0,0,0,1.0,1,1,8.06054004653864,0.0,3.6109179126442243,5.8888779583328805
1,1,1,0,0,1.0,0,0,7.53955882930103,0.0,4.127134385045092,5.8888779583328805
1,1,1,0,0,0.0,0,0,7.933079771880415,7.559038255443384,4.990432586778736,5.8888779583328805
1,1,1,0,0,1.0,0,0,8.36264243156764,8.006700845440367,5.153291594497779,4.442651256490317
1,1,0,0,0,1.0,2,1,7.739794458408701,7.328437352895162,4.653960350157523,5.8888779583328805
0,0,0,1,0,1.0,1,1,7.680637427560936,0.0,4.2626798770413155,5.8888779583328805
2,0,0,0,0,1.0,1,1,8.46611040118692,0.0,4.553876891600541,5.8888779583328805
1,1,2,0,1,0.0,1,0,7.910957382845589,0.0,4.672828834461906,5.8888779583328805
1,1,0,0,0,1.0,1,1,8.006700845440367,8.136518252115291,4.04305126783455,5.198497031265826
1,1,2,0,1,1.0,1,0,8.699681400989514,0.0,5.327876168789581,5.484796933490655
2,0,3,0,1,1.0,1,1,9.143986871426161,0.0,5.680172609017068,5.8888779583328805
1,1,0,0,0,1.0,0,1,8.258422462458876,8.101980731853192,4.962844630259907,5.198497031265826
1,1,0,0,1,1.0,2,1,9.687878048875998,0.0,5.564520407322694,5.8888779583328805
1,0,0,1,0,1.0,0,1,8.251663923605589,0.0,4.709530201312334,5.8888779583328805
1,1,2,1,1,1.0,0,0,8.761550139129644,6.90875477931522,5.236441962829949,5.8888779583328805
1,0,4,0,0,0.0,1,0,8.002359546252707,0.0,4.48863636973214,5.8888779583328805
1,1,0,0,1,1.0,0,1,9.20673387638207,0.0,5.198497031265826,5.8888779583328805
1,1,2,0,0,1.0,2,1,8.662331957082475,0.0,5.262690188904886,5.8888779583328805
0,0,3,0,2,1.0,2,0,6.0330862217988015,10.637488727104339,5.860786223465865,5.198497031265826
1,1,0,1,2,1.0,0,1,7.970740390007095,7.934871565945177,5.049856007249537,5.8888779583328805
1,1,3,0,0,1.0,2,1,8.648922962094131,0.0,4.859812404361672,5.8888779583328805
1,0,0,0,0,1.0,0,1,8.209852481301272,8.366835309827675,5.153291594497779,5.8888779583328805
0,1,1,0,0,1.0,1,1,9.392745258631441,0.0,6.208590026096629,5.8888779583328805
1,1,0,1,0,1.0,2,0,7.783640596221253,8.24301946898925,4.866324565936636,5.198497031265826
1,1,1,0,0,1.0,1,1,8.131824785007195,7.824445930877619,5.159055299214529,5.8888779583328805
1,1,2,1,0,1.0,0,1,8.291045131081729,7.252762418053187,5.062595033026967,5.8888779583328805
1,1,0,0,0,1.0,0,1,8.081165777725433,7.576097340623111,4.6913478822291435,5.8888779583328805
0,0,0,0,0,1.0,0,1,7.972810784121404,0.0,4.276666119016055,5.8888779583328805
1,1,3,0,0,1.0,0,1,8.320448113956559,0.0,3.713572066704308,5.198497031265826
1,1,1,0,0,1.0,2,1,8.996280439395015,5.484796933490655,5.537334267018537,5.8888779583328805
1,1,2,0,0,1.0,2,1,8.933796043934858,0.0,5.236441962829949,5.8888779583328805
0,0,0,0,1,0.0,1,0,8.430327258394575,0.0,4.897839799950911,5.8888779583328805
